[
  {
    "id": "1f6e80ce-c2da-4f37-bc35-aedb121b40d1",
    "data": [
      {
        "text": "anyone",
        "alias": "any",
        "meta": "@sys.any",
        "userDefined": true
      },
      {
        "text": " there",
        "userDefined": false
      }
    ],
    "isTemplate": false,
    "count": 0,
    "updated": 1547839376
  },
  {
    "id": "405a5056-9ab1-4408-b0c5-c934e1733663",
    "data": [
      {
        "text": "help me",
        "userDefined": false
      }
    ],
    "isTemplate": false,
    "count": 0,
    "updated": 1547793169
  },
  {
    "id": "5fb94777-cac9-4c13-b083-8c1b0f1d743f",
    "data": [
      {
        "text": "i want help",
        "userDefined": false
      }
    ],
    "isTemplate": false,
    "count": 0,
    "updated": 1547793169
  },
  {
    "id": "fcf050e5-db9e-45e1-936d-2d029b0be6c6",
    "data": [
      {
        "text": "can you help me out",
        "userDefined": false
      }
    ],
    "isTemplate": false,
    "count": 0,
    "updated": 1547793169
  },
  {
    "id": "7f88c813-1220-40c2-ac45-68773352439e",
    "data": [
      {
        "text": "I have a ",
        "userDefined": false
      },
      {
        "text": "query",
        "alias": "given-name",
        "meta": "@sys.given-name",
        "userDefined": true
      }
    ],
    "isTemplate": false,
    "count": 0,
    "updated": 1547839376
  },
  {
    "id": "17a4e925-7b3f-4439-bd78-e602eaf655ba",
    "data": [
      {
        "text": "can you clear my ",
        "userDefined": false
      },
      {
        "text": "query",
        "alias": "given-name",
        "meta": "@sys.given-name",
        "userDefined": true
      }
    ],
    "isTemplate": false,
    "count": 0,
    "updated": 1547839376
  },
  {
    "id": "a56bcab9-2591-4c78-9203-4bcae13f11e3",
    "data": [
      {
        "text": "can you clear my ",
        "userDefined": false
      },
      {
        "text": "doubts",
        "alias": "given-name",
        "meta": "@sys.given-name",
        "userDefined": true
      }
    ],
    "isTemplate": false,
    "count": 0,
    "updated": 1547839376
  },
  {
    "id": "878866cd-76ac-4df6-9d7d-4aef817e861c",
    "data": [
      {
        "text": "can I ask a ",
        "userDefined": false
      },
      {
        "text": "question",
        "alias": "given-name",
        "meta": "@sys.given-name",
        "userDefined": true
      }
    ],
    "isTemplate": false,
    "count": 0,
    "updated": 1547839376
  },
  {
    "id": "2598a07d-c38d-4521-8a01-ec12d6bcd33b",
    "data": [
      {
        "text": "I have a ",
        "userDefined": false
      },
      {
        "text": "doubt",
        "alias": "given-name",
        "meta": "@sys.given-name",
        "userDefined": true
      }
    ],
    "isTemplate": false,
    "count": 0,
    "updated": 1547839376
  },
  {
    "id": "2d5096bc-88ac-4b73-9066-56d526db462f",
    "data": [
      {
        "text": "i have a ",
        "userDefined": false
      },
      {
        "text": "question",
        "alias": "given-name",
        "meta": "@sys.given-name",
        "userDefined": true
      }
    ],
    "isTemplate": false,
    "count": 0,
    "updated": 1547839376
  },
  {
    "id": "702f466b-e540-4198-9f74-85d16c8c1a47",
    "data": [
      {
        "text": "I want to ask a ",
        "userDefined": false
      },
      {
        "text": "question",
        "alias": "given-name",
        "meta": "@sys.given-name",
        "userDefined": true
      }
    ],
    "isTemplate": false,
    "count": 0,
    "updated": 1547839376
  }
]