[
  {
    "id": "356fe707-bc10-4769-a0d2-92a31c33434e",
    "data": [
      {
        "text": "how",
        "alias": "reward",
        "meta": "@reward",
        "userDefined": false
      },
      {
        "text": " can one ",
        "userDefined": false
      },
      {
        "text": "avail",
        "alias": "siblings",
        "meta": "@siblings",
        "userDefined": false
      },
      {
        "text": " ",
        "userDefined": false
      },
      {
        "text": "scholarship",
        "alias": "scholarshipentity",
        "meta": "@scholarshipentity",
        "userDefined": true
      }
    ],
    "isTemplate": false,
    "count": 0,
    "updated": 1547838523
  },
  {
    "id": "0b509de6-2503-49d9-8884-9005ed2a09fe",
    "data": [
      {
        "text": "What will be the ",
        "userDefined": false
      },
      {
        "text": "benefits",
        "alias": "scholarshipentity",
        "meta": "@scholarshipentity",
        "userDefined": false
      },
      {
        "text": " of ",
        "userDefined": false
      },
      {
        "text": "scholarship",
        "alias": "SCHOLARSHIPDEFINE",
        "meta": "@SCHOLARSHIPDEFINE",
        "userDefined": false
      },
      {
        "text": " in future",
        "userDefined": false
      }
    ],
    "isTemplate": false,
    "count": 0,
    "updated": 1547838523
  },
  {
    "id": "9e0081c3-682b-4c68-b891-afa197996e71",
    "data": [
      {
        "text": "how",
        "alias": "reward",
        "meta": "@reward",
        "userDefined": false
      },
      {
        "text": " ",
        "userDefined": false
      },
      {
        "text": "a scholarship",
        "alias": "SCHOLARSHIPDEFINE",
        "meta": "@SCHOLARSHIPDEFINE",
        "userDefined": false
      },
      {
        "text": " help a sibling",
        "userDefined": false
      }
    ],
    "isTemplate": false,
    "count": 0,
    "updated": 1547838523
  },
  {
    "id": "dfd65b60-6018-4f80-91f1-e509734cac89",
    "data": [
      {
        "text": "what are the benefits of scholarship",
        "userDefined": false
      }
    ],
    "isTemplate": false,
    "count": 0,
    "updated": 1547795859
  },
  {
    "id": "8b60ad61-758e-4526-97a3-6a0a76088632",
    "data": [
      {
        "text": "scholarship",
        "alias": "SCHOLARSHIPDEFINE",
        "meta": "@SCHOLARSHIPDEFINE",
        "userDefined": true
      },
      {
        "text": " benefit",
        "userDefined": false
      }
    ],
    "isTemplate": false,
    "count": 0,
    "updated": 1547795859
  },
  {
    "id": "26a4c9f6-dbe3-4d35-be52-ecf60afcdea9",
    "data": [
      {
        "text": "how the ",
        "userDefined": false
      },
      {
        "text": "scholarship",
        "alias": "SCHOLARSHIPDEFINE",
        "meta": "@SCHOLARSHIPDEFINE",
        "userDefined": true
      },
      {
        "text": " will prove to be beneficial",
        "userDefined": false
      }
    ],
    "isTemplate": false,
    "count": 0,
    "updated": 1547795859
  },
  {
    "id": "9c2d6a20-a077-42bb-a4bd-6a2dde72c058",
    "data": [
      {
        "text": "benefits of ",
        "userDefined": false
      },
      {
        "text": "scholarship",
        "alias": "SCHOLARSHIPDEFINE",
        "meta": "@SCHOLARSHIPDEFINE",
        "userDefined": true
      }
    ],
    "isTemplate": false,
    "count": 1,
    "updated": 1547795859
  },
  {
    "id": "8cf06d3b-be4d-4a13-a2ce-aba146c56cee",
    "data": [
      {
        "text": "what is the benefit of ",
        "userDefined": false
      },
      {
        "text": "scholarship",
        "alias": "SCHOLARSHIPDEFINE",
        "meta": "@SCHOLARSHIPDEFINE",
        "userDefined": true
      }
    ],
    "isTemplate": false,
    "count": 0,
    "updated": 1547795859
  }
]