[
  {
    "id": "b4aba01c-3855-4a29-8abd-4bda8b86c287",
    "data": [
      {
        "text": "how to avial ",
        "userDefined": false
      },
      {
        "text": "scholarship",
        "alias": "SCHOLARSHIPDEFINE",
        "meta": "@SCHOLARSHIPDEFINE",
        "userDefined": false
      }
    ],
    "isTemplate": false,
    "count": 0,
    "updated": 1547878227
  },
  {
    "id": "5a97b333-d003-4414-8e59-d4126e32026c",
    "data": [
      {
        "text": "win",
        "alias": "reward",
        "meta": "@reward",
        "userDefined": false
      },
      {
        "text": " ",
        "userDefined": false
      },
      {
        "text": "scholarship",
        "alias": "SCHOLARSHIPDEFINE",
        "meta": "@SCHOLARSHIPDEFINE",
        "userDefined": false
      }
    ],
    "isTemplate": false,
    "count": 0,
    "updated": 1547877732
  },
  {
    "id": "adcf2a17-b785-4660-b37c-f38bcd954fc1",
    "data": [
      {
        "text": "how to ",
        "userDefined": false
      },
      {
        "text": "win",
        "alias": "reward",
        "meta": "@reward",
        "userDefined": false
      },
      {
        "text": " scholarhsip",
        "userDefined": false
      }
    ],
    "isTemplate": false,
    "count": 0,
    "updated": 1547877732
  },
  {
    "id": "a36676f4-6e40-45ab-8d31-fba764ae2872",
    "data": [
      {
        "text": "how to  use ",
        "userDefined": false
      },
      {
        "text": "scholarship",
        "alias": "SCHOLARSHIPDEFINE",
        "meta": "@SCHOLARSHIPDEFINE",
        "userDefined": false
      }
    ],
    "isTemplate": false,
    "count": 0,
    "updated": 1547877732
  },
  {
    "id": "f48bee3e-9088-4a5a-9c75-7617c5f52897",
    "data": [
      {
        "text": "how to ",
        "userDefined": false
      },
      {
        "text": "get",
        "alias": "reward",
        "meta": "@reward",
        "userDefined": false
      },
      {
        "text": " ",
        "userDefined": false
      },
      {
        "text": "scholarship",
        "alias": "SCHOLARSHIPDEFINE",
        "meta": "@SCHOLARSHIPDEFINE",
        "userDefined": false
      }
    ],
    "isTemplate": false,
    "count": 0,
    "updated": 1547877732
  },
  {
    "id": "a3b870a5-0227-4440-b792-92cee5519356",
    "data": [
      {
        "text": "what are the ",
        "userDefined": false
      },
      {
        "text": "academics",
        "alias": "scholarshipentity",
        "meta": "@scholarshipentity",
        "userDefined": true
      },
      {
        "text": " of ",
        "userDefined": false
      },
      {
        "text": "child",
        "alias": "siblings",
        "meta": "@siblings",
        "userDefined": true
      },
      {
        "text": " required",
        "userDefined": false
      }
    ],
    "isTemplate": false,
    "count": 0,
    "updated": 1547837564
  },
  {
    "id": "a20ce800-2ae5-4e3c-9259-475535422b1f",
    "data": [
      {
        "text": "can a ",
        "userDefined": false
      },
      {
        "text": "child",
        "alias": "siblings",
        "meta": "@siblings",
        "userDefined": true
      },
      {
        "text": " also get ",
        "userDefined": false
      },
      {
        "text": "the scholarship",
        "alias": "SCHOLARSHIPDEFINE",
        "meta": "@SCHOLARSHIPDEFINE",
        "userDefined": true
      },
      {
        "text": " for higher ",
        "userDefined": false
      },
      {
        "text": "education",
        "alias": "scholarshipentity",
        "meta": "@scholarshipentity",
        "userDefined": true
      }
    ],
    "isTemplate": false,
    "count": 0,
    "updated": 1547837564
  },
  {
    "id": "5aec5c5f-ad85-4050-a817-53ba85e5b848",
    "data": [
      {
        "text": "can a ",
        "userDefined": false
      },
      {
        "text": "child",
        "alias": "siblings",
        "meta": "@siblings",
        "userDefined": true
      },
      {
        "text": " join the ",
        "userDefined": false
      },
      {
        "text": "school",
        "alias": "scholarshipentity",
        "meta": "@scholarshipentity",
        "userDefined": true
      }
    ],
    "isTemplate": false,
    "count": 0,
    "updated": 1547837564
  },
  {
    "id": "5217c643-1105-454c-80fe-442a03378943",
    "data": [
      {
        "text": "what ",
        "userDefined": false
      },
      {
        "text": "facilities",
        "alias": "siblings",
        "meta": "@siblings",
        "userDefined": true
      },
      {
        "text": " are provided by ",
        "userDefined": false
      },
      {
        "text": "the school",
        "alias": "scholarshipentity",
        "meta": "@scholarshipentity",
        "userDefined": true
      }
    ],
    "isTemplate": false,
    "count": 0,
    "updated": 1547837564
  },
  {
    "id": "09f5bf34-fd73-48f4-8b73-1b58cd181560",
    "data": [
      {
        "text": "how can a ",
        "userDefined": false
      },
      {
        "text": "child",
        "alias": "siblings",
        "meta": "@siblings",
        "userDefined": true
      },
      {
        "text": " join the ",
        "userDefined": false
      },
      {
        "text": "school",
        "alias": "scholarshipentity",
        "meta": "@scholarshipentity",
        "userDefined": true
      }
    ],
    "isTemplate": false,
    "count": 0,
    "updated": 1547837564
  },
  {
    "id": "eb190619-c65e-4057-9518-d1520631c112",
    "data": [
      {
        "text": "from where we can avail ",
        "userDefined": false
      },
      {
        "text": "scholarship",
        "alias": "SCHOLARSHIPDEFINE",
        "meta": "@SCHOLARSHIPDEFINE",
        "userDefined": true
      }
    ],
    "isTemplate": false,
    "count": 0,
    "updated": 1547837564
  },
  {
    "id": "215ba48e-fa66-48b3-b264-c6602d07fe84",
    "data": [
      {
        "text": "how to avail ",
        "userDefined": false
      },
      {
        "text": "scholarship",
        "alias": "SCHOLARSHIPDEFINE",
        "meta": "@SCHOLARSHIPDEFINE",
        "userDefined": true
      }
    ],
    "isTemplate": false,
    "count": 0,
    "updated": 1547837564
  }
]