[
  {
    "id": "834532ec-1b6b-4e22-b7be-f2f742a985c1",
    "data": [
      {
        "text": "how to ",
        "userDefined": false
      },
      {
        "text": "take",
        "alias": "siblings",
        "meta": "@siblings",
        "userDefined": false
      },
      {
        "text": " ",
        "userDefined": false
      },
      {
        "text": "loans",
        "alias": "loans",
        "meta": "@loans",
        "userDefined": false
      }
    ],
    "isTemplate": false,
    "count": 0,
    "updated": 1547860514
  },
  {
    "id": "1e7f34a4-120a-409f-9bf4-539caa211157",
    "data": [
      {
        "text": "how to ",
        "userDefined": false
      },
      {
        "text": "take",
        "alias": "siblings",
        "meta": "@siblings",
        "userDefined": false
      },
      {
        "text": " ",
        "userDefined": false
      },
      {
        "text": "loan",
        "alias": "loans",
        "meta": "@loans",
        "userDefined": false
      }
    ],
    "isTemplate": false,
    "count": 0,
    "updated": 1547860514
  },
  {
    "id": "886090d5-a126-4bf4-8558-811a564926cc",
    "data": [
      {
        "text": "how to ",
        "userDefined": false
      },
      {
        "text": "take",
        "alias": "siblings",
        "meta": "@siblings",
        "userDefined": false
      },
      {
        "text": " ",
        "userDefined": false
      },
      {
        "text": "a loan",
        "alias": "loans",
        "meta": "@loans",
        "userDefined": false
      }
    ],
    "isTemplate": false,
    "count": 0,
    "updated": 1547860514
  },
  {
    "id": "c56515e5-dc09-4671-a954-a72267b99e9e",
    "data": [
      {
        "text": "how to apply for ",
        "userDefined": false
      },
      {
        "text": "loan",
        "alias": "loans",
        "meta": "@loans",
        "userDefined": false
      }
    ],
    "isTemplate": false,
    "count": 0,
    "updated": 1547860514
  },
  {
    "id": "e9ff8226-08b0-4380-9360-56df88c7dddb",
    "data": [
      {
        "text": "how to apply for ",
        "userDefined": false
      },
      {
        "text": "a loan",
        "alias": "loans",
        "meta": "@loans",
        "userDefined": true
      }
    ],
    "isTemplate": false,
    "count": 0,
    "updated": 1547837656
  },
  {
    "id": "0f899c91-73a8-4af5-93f1-eb4f769c56f4",
    "data": [
      {
        "text": "what are the minimum requirements for taking ",
        "userDefined": false
      },
      {
        "text": "the loan",
        "alias": "loans",
        "meta": "@loans",
        "userDefined": true
      }
    ],
    "isTemplate": false,
    "count": 0,
    "updated": 1547837656
  },
  {
    "id": "4e65e2ff-882e-460a-8c0d-53ad95376d48",
    "data": [
      {
        "text": "how to apply for ",
        "userDefined": false
      },
      {
        "text": "loans",
        "alias": "loans",
        "meta": "@loans",
        "userDefined": true
      }
    ],
    "isTemplate": false,
    "count": 0,
    "updated": 1547837656
  },
  {
    "id": "1163bd45-2fbf-4581-aecc-38a252638b8a",
    "data": [
      {
        "text": "what we have to put on the stake to get our ",
        "userDefined": false
      },
      {
        "text": "loan",
        "alias": "loans",
        "meta": "@loans",
        "userDefined": true
      },
      {
        "text": " sanctioned",
        "userDefined": false
      }
    ],
    "isTemplate": false,
    "count": 0,
    "updated": 1547837656
  },
  {
    "id": "b43b3252-724b-4ffe-92c9-19483e21421c",
    "data": [
      {
        "text": "can we also get ",
        "userDefined": false
      },
      {
        "text": "loans",
        "alias": "loans",
        "meta": "@loans",
        "userDefined": true
      },
      {
        "text": " for various other things",
        "userDefined": false
      }
    ],
    "isTemplate": false,
    "count": 0,
    "updated": 1547837656
  },
  {
    "id": "a554f069-4497-4f64-bf87-2c4999b362d3",
    "data": [
      {
        "text": "what is the interest ",
        "userDefined": false
      },
      {
        "text": "rate",
        "alias": "any",
        "meta": "@sys.any",
        "userDefined": true
      },
      {
        "text": "  on ",
        "userDefined": false
      },
      {
        "text": "loans",
        "alias": "loans",
        "meta": "@loans",
        "userDefined": true
      }
    ],
    "isTemplate": false,
    "count": 0,
    "updated": 1547837656
  }
]