[
  {
    "id": "936649e3-3abd-407e-9a1f-ea08e6ceb648",
    "data": [
      {
        "text": "how can we get ",
        "userDefined": false
      },
      {
        "text": "insurance",
        "alias": "insurance",
        "meta": "@insurance",
        "userDefined": true
      },
      {
        "text": " ",
        "userDefined": false
      },
      {
        "text": "form",
        "alias": "url",
        "meta": "@sys.url",
        "userDefined": true
      }
    ],
    "isTemplate": false,
    "count": 0,
    "updated": 1547802738
  },
  {
    "id": "dbbbe42c-4a41-4db9-a661-624752e3e586",
    "data": [
      {
        "text": "website",
        "alias": "url",
        "meta": "@sys.url",
        "userDefined": true
      },
      {
        "text": " of ",
        "userDefined": false
      },
      {
        "text": "insurance",
        "alias": "insurance",
        "meta": "@insurance",
        "userDefined": true
      }
    ],
    "isTemplate": false,
    "count": 0,
    "updated": 1547802738
  },
  {
    "id": "419a4e71-b4ac-494c-a70b-044871e13e90",
    "data": [
      {
        "text": "the ",
        "userDefined": false
      },
      {
        "text": "website",
        "alias": "url",
        "meta": "@sys.url",
        "userDefined": true
      },
      {
        "text": " for insurance of ",
        "userDefined": false
      },
      {
        "text": "crops",
        "alias": "seeds",
        "meta": "@seeds",
        "userDefined": true
      }
    ],
    "isTemplate": false,
    "count": 0,
    "updated": 1547802738
  },
  {
    "id": "fa21a605-3838-4afe-bdfa-7eff98d223b3",
    "data": [
      {
        "text": "insurance",
        "alias": "insurance",
        "meta": "@insurance",
        "userDefined": true
      },
      {
        "text": " form",
        "userDefined": false
      }
    ],
    "isTemplate": false,
    "count": 0,
    "updated": 1547802738
  },
  {
    "id": "e6003484-1997-4672-9705-982a39ecc450",
    "data": [
      {
        "text": "where is ",
        "userDefined": false
      },
      {
        "text": "insurance",
        "alias": "insurance",
        "meta": "@insurance",
        "userDefined": true
      },
      {
        "text": " ",
        "userDefined": false
      },
      {
        "text": "form",
        "alias": "url",
        "meta": "@sys.url",
        "userDefined": true
      }
    ],
    "isTemplate": false,
    "count": 0,
    "updated": 1547802738
  },
  {
    "id": "07819d93-4c69-4242-bacd-b774a2b57d77",
    "data": [
      {
        "text": "from where to apply for ",
        "userDefined": false
      },
      {
        "text": "insurance",
        "alias": "insurance",
        "meta": "@insurance",
        "userDefined": true
      },
      {
        "text": " of ",
        "userDefined": false
      },
      {
        "text": "crops",
        "alias": "seeds",
        "meta": "@seeds",
        "userDefined": true
      }
    ],
    "isTemplate": false,
    "count": 0,
    "updated": 1547802738
  },
  {
    "id": "b9da3e21-f0f6-4510-bb53-2b0c36ebc825",
    "data": [
      {
        "text": "insurance",
        "alias": "insurance",
        "meta": "@insurance",
        "userDefined": true
      },
      {
        "text": " of ",
        "userDefined": false
      },
      {
        "text": "crops",
        "alias": "seeds",
        "meta": "@seeds",
        "userDefined": true
      }
    ],
    "isTemplate": false,
    "count": 0,
    "updated": 1547802738
  },
  {
    "id": "70c08567-b134-4774-9d97-d949502e95e0",
    "data": [
      {
        "text": "how  to apply for ",
        "userDefined": false
      },
      {
        "text": "insurance",
        "alias": "insurance",
        "meta": "@insurance",
        "userDefined": true
      },
      {
        "text": " of ",
        "userDefined": false
      },
      {
        "text": "crops",
        "alias": "seeds",
        "meta": "@seeds",
        "userDefined": true
      }
    ],
    "isTemplate": false,
    "count": 0,
    "updated": 1547802197
  }
]