[
  {
    "id": "4e9571a4-821c-4090-a9c1-5377b899207c",
    "data": [
      {
        "text": "i am facing ",
        "userDefined": false
      },
      {
        "text": "difficult",
        "alias": "nevergiveup",
        "meta": "@nevergiveup",
        "userDefined": false
      },
      {
        "text": " ",
        "userDefined": false
      },
      {
        "text": "times",
        "alias": "nevergiveup",
        "meta": "@nevergiveup",
        "userDefined": false
      }
    ],
    "isTemplate": false,
    "count": 0,
    "updated": 1547859740
  },
  {
    "id": "5be29381-38cc-4d35-b8b0-adebca8ce24e",
    "data": [
      {
        "text": " what to do in a difficult ",
        "userDefined": false
      },
      {
        "text": "situation",
        "alias": "nevergiveup",
        "meta": "@nevergiveup",
        "userDefined": true
      }
    ],
    "isTemplate": false,
    "count": 0,
    "updated": 1547802403
  },
  {
    "id": "d3e94606-35a5-499c-a174-66ba05b80a8d",
    "data": [
      {
        "text": "how to ",
        "userDefined": false
      },
      {
        "text": "enlighten",
        "alias": "nevergiveup",
        "meta": "@nevergiveup",
        "userDefined": true
      },
      {
        "text": "  our ways",
        "userDefined": false
      }
    ],
    "isTemplate": false,
    "count": 0,
    "updated": 1547802403
  },
  {
    "id": "c696a6bd-f865-49c4-8917-01fc119c7bf2",
    "data": [
      {
        "text": "ways of ",
        "userDefined": false
      },
      {
        "text": "enhancing",
        "alias": "nevergiveup",
        "meta": "@nevergiveup",
        "userDefined": true
      },
      {
        "text": " our field",
        "userDefined": false
      }
    ],
    "isTemplate": false,
    "count": 0,
    "updated": 1547802288
  },
  {
    "id": "5db8e26d-c130-4eff-a155-2a938428958c",
    "data": [
      {
        "text": "how to ",
        "userDefined": false
      },
      {
        "text": "enhance",
        "alias": "nevergiveup",
        "meta": "@nevergiveup",
        "userDefined": true
      },
      {
        "text": " our ",
        "userDefined": false
      },
      {
        "text": "field",
        "alias": "seeds",
        "meta": "@seeds",
        "userDefined": true
      }
    ],
    "isTemplate": false,
    "count": 0,
    "updated": 1547802288
  },
  {
    "id": "786bd2cf-74ee-4081-be23-963f11752c36",
    "data": [
      {
        "text": "ways to ",
        "userDefined": false
      },
      {
        "text": "enhance",
        "alias": "nevergiveup",
        "meta": "@nevergiveup",
        "userDefined": true
      },
      {
        "text": "  our ",
        "userDefined": false
      },
      {
        "text": "field",
        "alias": "seeds",
        "meta": "@seeds",
        "userDefined": true
      }
    ],
    "isTemplate": false,
    "count": 0,
    "updated": 1547802288
  },
  {
    "id": "77f63433-5abb-48c4-9ce8-d7bf5a5f8d12",
    "data": [
      {
        "text": "how to ",
        "userDefined": false
      },
      {
        "text": "overcome",
        "alias": "nevergiveup",
        "meta": "@nevergiveup",
        "userDefined": true
      },
      {
        "text": " a difficult ",
        "userDefined": false
      },
      {
        "text": "situation",
        "alias": "nevergiveup",
        "meta": "@nevergiveup",
        "userDefined": true
      }
    ],
    "isTemplate": false,
    "count": 0,
    "updated": 1547801931
  },
  {
    "id": "9f9ef50f-f0a8-4c35-a47c-3423f4b7b981",
    "data": [
      {
        "text": "how can we ",
        "userDefined": false
      },
      {
        "text": "enlighten",
        "alias": "nevergiveup",
        "meta": "@nevergiveup",
        "userDefined": true
      },
      {
        "text": " our ways in a difficult situation",
        "userDefined": false
      }
    ],
    "isTemplate": false,
    "count": 0,
    "updated": 1547801931
  },
  {
    "id": "e14a70a2-41e3-4f07-8744-2e99fef7d446",
    "data": [
      {
        "text": "what we have to do in a difficult ",
        "userDefined": false
      },
      {
        "text": "situation",
        "alias": "nevergiveup",
        "meta": "@nevergiveup",
        "userDefined": true
      }
    ],
    "isTemplate": false,
    "count": 0,
    "updated": 1547801931
  },
  {
    "id": "7fc7c902-e1c7-44e4-a9ee-55d01b42bb59",
    "data": [
      {
        "text": "how to face ",
        "userDefined": false
      },
      {
        "text": "difficulties",
        "alias": "nevergiveup",
        "meta": "@nevergiveup",
        "userDefined": true
      }
    ],
    "isTemplate": false,
    "count": 0,
    "updated": 1547801931
  },
  {
    "id": "b48a3a6a-78f0-4152-b52e-267b18694e08",
    "data": [
      {
        "text": "how to overcome ",
        "userDefined": false
      },
      {
        "text": "difficult",
        "alias": "nevergiveup",
        "meta": "@nevergiveup",
        "userDefined": true
      },
      {
        "text": " times",
        "userDefined": false
      }
    ],
    "isTemplate": false,
    "count": 0,
    "updated": 1547801931
  }
]