[
  {
    "id": "76f1b401-44ef-4fab-9e5f-103bc44556b4",
    "data": [
      {
        "text": "what are the most preferred seeds",
        "userDefined": false
      }
    ],
    "isTemplate": false,
    "count": 0,
    "updated": 1547797773
  },
  {
    "id": "f8ba06b8-0546-4299-ac0c-c0cb6760941d",
    "data": [
      {
        "text": "how to purchase the seeds",
        "userDefined": false
      }
    ],
    "isTemplate": false,
    "count": 0,
    "updated": 1547797773
  },
  {
    "id": "a200df31-1a5e-4f67-91d0-ad8acb8edf3e",
    "data": [
      {
        "text": "what type of seeds we can purchase",
        "userDefined": false
      }
    ],
    "isTemplate": false,
    "count": 0,
    "updated": 1547797773
  },
  {
    "id": "45cbbfa0-8390-4a42-aca9-9141732bef6d",
    "data": [
      {
        "text": "cost of high quality seeds",
        "userDefined": false
      }
    ],
    "isTemplate": false,
    "count": 0,
    "updated": 1547797773
  },
  {
    "id": "c17536e3-5fdf-4891-a8d4-e25e6b407ab1",
    "data": [
      {
        "text": "cost of GMO seeds",
        "userDefined": false
      }
    ],
    "isTemplate": false,
    "count": 0,
    "updated": 1547797773
  },
  {
    "id": "2e3cd4aa-9f1f-4038-906c-33559437a9a4",
    "data": [
      {
        "text": "from where we can purchase seeds",
        "userDefined": false
      }
    ],
    "isTemplate": false,
    "count": 0,
    "updated": 1547797773
  },
  {
    "id": "f98b5574-a2b7-4b8b-aa57-b713b300a014",
    "data": [
      {
        "text": "how to purchase seeds",
        "userDefined": false
      }
    ],
    "isTemplate": false,
    "count": 1,
    "updated": 1547797773
  }
]