[
  {
    "id": "e1e6bd78-1307-4200-a820-d08f2baeb4eb",
    "data": [
      {
        "text": "define scholarship",
        "userDefined": false
      }
    ],
    "isTemplate": false,
    "count": 0,
    "updated": 1547795637
  },
  {
    "id": "f25e7f26-927e-4036-a9e5-042e7f22f651",
    "data": [
      {
        "text": "what is meaning of scholarship",
        "userDefined": false
      }
    ],
    "isTemplate": false,
    "count": 0,
    "updated": 1547795637
  },
  {
    "id": "b80ae56f-fb99-4edc-87b9-b38217a6fa37",
    "data": [
      {
        "text": "what is scholarship",
        "userDefined": false
      }
    ],
    "isTemplate": false,
    "count": 0,
    "updated": 1547795637
  }
]