[
  {
    "id": "8b752de4-448b-451e-9a8f-8f98116d14da",
    "data": [
      {
        "text": "effects of pesticides on production",
        "userDefined": false
      }
    ],
    "isTemplate": false,
    "count": 0,
    "updated": 1547720391
  },
  {
    "id": "f3e4d843-8d69-497c-a356-a4c96cca92aa",
    "data": [
      {
        "text": "why to use pesticides",
        "userDefined": false
      }
    ],
    "isTemplate": false,
    "count": 0,
    "updated": 1547720391
  },
  {
    "id": "b5f1c812-f7dc-4974-8b36-a89b10a1dbc3",
    "data": [
      {
        "text": "how to use pesticides in a correct manner so that we can increase our production",
        "userDefined": false
      }
    ],
    "isTemplate": false,
    "count": 0,
    "updated": 1547720391
  },
  {
    "id": "184750c6-0dc3-4fb9-b308-e801e1d3e929",
    "data": [
      {
        "text": "different types of seeds",
        "userDefined": false
      }
    ],
    "isTemplate": false,
    "count": 0,
    "updated": 1547720391
  },
  {
    "id": "206951b7-1c1c-4c65-ba29-1ead051f931a",
    "data": [
      {
        "text": "what are different types of crops",
        "userDefined": false
      }
    ],
    "isTemplate": false,
    "count": 0,
    "updated": 1547720391
  },
  {
    "id": "f13fd991-5021-4a0c-978f-4d2938ca1a27",
    "data": [
      {
        "text": "different types of crops",
        "userDefined": false
      }
    ],
    "isTemplate": false,
    "count": 0,
    "updated": 1547720391
  },
  {
    "id": "04617dc3-3059-42fe-8bf2-2a52e89f8a20",
    "data": [
      {
        "text": "what are different types of seeds used in farming",
        "userDefined": false
      }
    ],
    "isTemplate": false,
    "count": 0,
    "updated": 1547720391
  },
  {
    "id": "951607a1-0e44-4830-9332-f71db41b701f",
    "data": [
      {
        "text": "how to use GMO(Genetically Modified Organism) seeds",
        "userDefined": false
      }
    ],
    "isTemplate": false,
    "count": 0,
    "updated": 1547720391
  },
  {
    "id": "f9e30088-e39c-4080-9c71-2ef1e6d26f89",
    "data": [
      {
        "text": "what kind of pest control measures are favourable",
        "userDefined": false
      }
    ],
    "isTemplate": false,
    "count": 0,
    "updated": 1547720391
  },
  {
    "id": "9fb1ab00-ba45-434e-85bf-8e14ab5569e5",
    "data": [
      {
        "text": "what kind of pesticides/fertilizers are best for our crops",
        "userDefined": false
      }
    ],
    "isTemplate": false,
    "count": 0,
    "updated": 1547720391
  }
]