[
  {
    "id": "faeea8d9-122b-4702-8c16-5acb9c8b702a",
    "data": [
      {
        "text": "what types of ",
        "userDefined": false
      },
      {
        "text": "crops",
        "alias": "seeds",
        "meta": "@seeds",
        "userDefined": true
      },
      {
        "text": " can we ",
        "userDefined": false
      },
      {
        "text": "sell",
        "alias": "url",
        "meta": "@sys.url",
        "userDefined": true
      }
    ],
    "isTemplate": false,
    "count": 0,
    "updated": 1547798070
  },
  {
    "id": "c5a6c60e-52de-47b6-918c-360f085f7976",
    "data": [
      {
        "text": "sell ",
        "userDefined": false
      },
      {
        "text": "crops",
        "alias": "seeds",
        "meta": "@seeds",
        "userDefined": true
      }
    ],
    "isTemplate": false,
    "count": 0,
    "updated": 1547798070
  },
  {
    "id": "a0e48371-3181-479f-8f0c-8e36146d56a1",
    "data": [
      {
        "text": "can I sell ",
        "userDefined": false
      },
      {
        "text": "crops",
        "alias": "seeds",
        "meta": "@seeds",
        "userDefined": true
      }
    ],
    "isTemplate": false,
    "count": 0,
    "updated": 1547840615
  },
  {
    "id": "5b6f0337-d04d-4066-a773-41ad5ab12eef",
    "data": [
      {
        "text": "can we ",
        "userDefined": false
      },
      {
        "text": "sell",
        "alias": "url",
        "meta": "@sys.url",
        "userDefined": true
      },
      {
        "text": " our ",
        "userDefined": false
      },
      {
        "text": "crops",
        "alias": "seeds",
        "meta": "@seeds",
        "userDefined": true
      },
      {
        "text": " directly to ",
        "userDefined": false
      },
      {
        "text": "sailors",
        "alias": "given-name",
        "meta": "@sys.given-name",
        "userDefined": true
      },
      {
        "text": " without including middleman",
        "userDefined": false
      }
    ],
    "isTemplate": false,
    "count": 0,
    "updated": 1547840615
  },
  {
    "id": "66f591ca-39fa-4c77-a61a-bd61509d5851",
    "data": [
      {
        "text": "what is the maximum ",
        "userDefined": false
      },
      {
        "text": "selling",
        "alias": "url",
        "meta": "@sys.url",
        "userDefined": true
      },
      {
        "text": " price of ",
        "userDefined": false
      },
      {
        "text": "crop",
        "alias": "seeds",
        "meta": "@seeds",
        "userDefined": true
      },
      {
        "text": " we can get here",
        "userDefined": false
      }
    ],
    "isTemplate": false,
    "count": 0,
    "updated": 1547840615
  },
  {
    "id": "fdf79da4-fafc-4197-a0f9-358d2a09da43",
    "data": [
      {
        "text": "how to sell ",
        "userDefined": false
      },
      {
        "text": "crops",
        "alias": "seeds",
        "meta": "@seeds",
        "userDefined": true
      }
    ],
    "isTemplate": false,
    "count": 0,
    "updated": 1547840615
  }
]