[
  {
    "id": "1c3c7d00-e70e-449a-ab8c-8ce43645b273",
    "data": [
      {
        "text": "i want to ",
        "userDefined": false
      },
      {
        "text": "take",
        "alias": "siblings",
        "meta": "@siblings",
        "userDefined": false
      },
      {
        "text": " ",
        "userDefined": false
      },
      {
        "text": "loans",
        "alias": "loans",
        "meta": "@loans",
        "userDefined": false
      }
    ],
    "isTemplate": false,
    "count": 0,
    "updated": 1547860099
  },
  {
    "id": "cc15b4ee-6805-40d4-b757-13129be5ba26",
    "data": [
      {
        "text": "i want to ",
        "userDefined": false
      },
      {
        "text": "take",
        "alias": "siblings",
        "meta": "@siblings",
        "userDefined": false
      },
      {
        "text": " ",
        "userDefined": false
      },
      {
        "text": "loan",
        "alias": "loans",
        "meta": "@loans",
        "userDefined": false
      }
    ],
    "isTemplate": false,
    "count": 0,
    "updated": 1547860099
  },
  {
    "id": "bbdc94e2-80db-4690-a0cd-469fda321cba",
    "data": [
      {
        "text": "i want ",
        "userDefined": false
      },
      {
        "text": "loan",
        "alias": "loans",
        "meta": "@loans",
        "userDefined": false
      }
    ],
    "isTemplate": false,
    "count": 0,
    "updated": 1547860099
  },
  {
    "id": "a0f15480-e14d-41cd-89af-50a0007ab4a4",
    "data": [
      {
        "text": "i want to ",
        "userDefined": false
      },
      {
        "text": "take",
        "alias": "loans",
        "meta": "@loans",
        "userDefined": false
      },
      {
        "text": " ",
        "userDefined": false
      },
      {
        "text": "a loan",
        "alias": "loans",
        "meta": "@loans",
        "userDefined": false
      }
    ],
    "isTemplate": false,
    "count": 0,
    "updated": 1547860099
  },
  {
    "id": "caa5def5-3135-4003-9ce2-152c2c67b067",
    "data": [
      {
        "text": "which ",
        "userDefined": false
      },
      {
        "text": "bank",
        "alias": "url",
        "meta": "@sys.url",
        "userDefined": true
      },
      {
        "text": " provides ",
        "userDefined": false
      },
      {
        "text": "loan",
        "alias": "loans",
        "meta": "@loans",
        "userDefined": true
      }
    ],
    "isTemplate": false,
    "count": 0,
    "updated": 1547797444
  },
  {
    "id": "21ba14d3-0e13-42d7-b730-28d4cf77d18d",
    "data": [
      {
        "text": "take ",
        "userDefined": false
      },
      {
        "text": "loan",
        "alias": "loans",
        "meta": "@loans",
        "userDefined": true
      }
    ],
    "isTemplate": false,
    "count": 0,
    "updated": 1547797444
  },
  {
    "id": "cb667231-f084-43cb-b202-d82f26c1a57c",
    "data": [
      {
        "text": "website of taking ",
        "userDefined": false
      },
      {
        "text": "the loan",
        "alias": "loans",
        "meta": "@loans",
        "userDefined": true
      }
    ],
    "isTemplate": false,
    "count": 0,
    "updated": 1547841001
  },
  {
    "id": "24cde94a-c475-4af2-bdb1-ea9cd056f32e",
    "data": [
      {
        "text": "link",
        "alias": "url",
        "meta": "@sys.url",
        "userDefined": true
      },
      {
        "text": " of taking the ",
        "userDefined": false
      },
      {
        "text": "loan",
        "alias": "loans",
        "meta": "@loans",
        "userDefined": true
      }
    ],
    "isTemplate": false,
    "count": 0,
    "updated": 1547797444
  },
  {
    "id": "e2d40188-e092-4fc9-9db4-95c8557ef197",
    "data": [
      {
        "text": "link to",
        "alias": "url",
        "meta": "@sys.url",
        "userDefined": true
      },
      {
        "text": " take the ",
        "userDefined": false
      },
      {
        "text": "loan",
        "alias": "loans",
        "meta": "@loans",
        "userDefined": true
      }
    ],
    "isTemplate": false,
    "count": 0,
    "updated": 1547797444
  },
  {
    "id": "1701f1e4-b710-4a62-ac96-7fbdb93357fd",
    "data": [
      {
        "text": "who provides the ",
        "userDefined": false
      },
      {
        "text": "loan",
        "alias": "loans",
        "meta": "@loans",
        "userDefined": true
      }
    ],
    "isTemplate": false,
    "count": 0,
    "updated": 1547797444
  }
]