[
  {
    "id": "586a9240-c1e4-41e3-9e9e-f751c8e2b662",
    "data": [
      {
        "text": "various machines and tools used",
        "userDefined": false
      }
    ],
    "isTemplate": false,
    "count": 0,
    "updated": 1547801485
  },
  {
    "id": "c9405506-5b67-4a10-9066-49bbba203031",
    "data": [
      {
        "text": "various machines used",
        "userDefined": false
      }
    ],
    "isTemplate": false,
    "count": 0,
    "updated": 1547801485
  },
  {
    "id": "94d3fa31-5b2c-43ed-bb01-af6b9822630b",
    "data": [
      {
        "text": "various tools used",
        "userDefined": false
      }
    ],
    "isTemplate": false,
    "count": 0,
    "updated": 1547801485
  },
  {
    "id": "1169f136-de2b-4c00-b349-f37c003bd4a3",
    "data": [
      {
        "text": "what are various machines used",
        "userDefined": false
      }
    ],
    "isTemplate": false,
    "count": 0,
    "updated": 1547801485
  },
  {
    "id": "3f0d5561-9638-4948-a43d-84acb6df3917",
    "data": [
      {
        "text": "what are various tools used",
        "userDefined": false
      }
    ],
    "isTemplate": false,
    "count": 0,
    "updated": 1547801485
  },
  {
    "id": "fa6bbaa4-ade8-4636-9354-3a28afbb0546",
    "data": [
      {
        "text": "what are various tools and machines used",
        "userDefined": false
      }
    ],
    "isTemplate": false,
    "count": 0,
    "updated": 1547801485
  },
  {
    "id": "393ef631-5b7b-4227-9357-b49c4789f5da",
    "data": [
      {
        "text": "different tools and machines used",
        "userDefined": false
      }
    ],
    "isTemplate": false,
    "count": 0,
    "updated": 1547798336
  },
  {
    "id": "a652de0f-e870-461b-b5fa-418e1fc21bab",
    "data": [
      {
        "text": "different tools used",
        "userDefined": false
      }
    ],
    "isTemplate": false,
    "count": 0,
    "updated": 1547798336
  },
  {
    "id": "e538a5e6-3ef6-4f58-9798-b497fdfdcedf",
    "data": [
      {
        "text": "different machines used",
        "userDefined": false
      }
    ],
    "isTemplate": false,
    "count": 0,
    "updated": 1547798336
  },
  {
    "id": "5c095ec7-cf23-43fe-a088-2ba8130f0b29",
    "data": [
      {
        "text": "what are different types of machines used",
        "userDefined": false
      }
    ],
    "isTemplate": false,
    "count": 0,
    "updated": 1547798336
  },
  {
    "id": "1ad37fc4-dc6c-4ef9-9fbd-328620403caa",
    "data": [
      {
        "text": "what are different types of tools and machines used",
        "userDefined": false
      }
    ],
    "isTemplate": false,
    "count": 0,
    "updated": 1547798336
  },
  {
    "id": "05946261-67bd-47e2-b9ef-7766d589ae42",
    "data": [
      {
        "text": "what are different types of tools used",
        "userDefined": false
      }
    ],
    "isTemplate": false,
    "count": 0,
    "updated": 1547798336
  }
]