[
  {
    "id": "f5e91ac4-a3a8-40a2-9140-4a1e437827a0",
    "data": [
      {
        "text": "what do you understand by kcc",
        "userDefined": false
      }
    ],
    "isTemplate": false,
    "count": 0,
    "updated": 1547877401
  },
  {
    "id": "ce908b3a-6830-428f-b6a6-f9806bacfe97",
    "data": [
      {
        "text": "what is ",
        "userDefined": false
      },
      {
        "text": "meaning",
        "alias": "SCHOLARSHIPDEFINE",
        "meta": "@SCHOLARSHIPDEFINE",
        "userDefined": false
      },
      {
        "text": " of kcc",
        "userDefined": false
      }
    ],
    "isTemplate": false,
    "count": 0,
    "updated": 1547877401
  },
  {
    "id": "0a427ada-1be9-43b1-982e-05d2777ee783",
    "data": [
      {
        "text": "meaning",
        "alias": "SCHOLARSHIPDEFINE",
        "meta": "@SCHOLARSHIPDEFINE",
        "userDefined": false
      },
      {
        "text": " of kcc",
        "userDefined": false
      }
    ],
    "isTemplate": false,
    "count": 0,
    "updated": 1547877401
  },
  {
    "id": "998da492-78fc-40ea-afbb-c1dd94760db5",
    "data": [
      {
        "text": "what",
        "alias": "reward",
        "meta": "@reward",
        "userDefined": false
      },
      {
        "text": " do you mean by kcc",
        "userDefined": false
      }
    ],
    "isTemplate": false,
    "count": 0,
    "updated": 1547877401
  },
  {
    "id": "0fece4e5-de79-4929-a517-75628ebe43e3",
    "data": [
      {
        "text": "what is kcc",
        "userDefined": false
      }
    ],
    "isTemplate": false,
    "count": 0,
    "updated": 1547877401
  },
  {
    "id": "77824420-f26c-463c-b5a9-80be86bb0201",
    "data": [
      {
        "text": "define",
        "alias": "SCHOLARSHIPDEFINE",
        "meta": "@SCHOLARSHIPDEFINE",
        "userDefined": false
      },
      {
        "text": " kcc",
        "userDefined": false
      }
    ],
    "isTemplate": false,
    "count": 0,
    "updated": 1547877401
  }
]