[
  {
    "id": "ee9b2be5-d1e1-4550-872b-46492df10a66",
    "data": [
      {
        "text": "what is the maximum amount of scholarship",
        "userDefined": false
      }
    ],
    "isTemplate": false,
    "count": 0,
    "updated": 1547795385
  },
  {
    "id": "53868f61-c0b5-4eb9-b70a-ecf62ac1cba5",
    "data": [
      {
        "text": "what is the maximum amount of scholarship a child can get",
        "userDefined": false
      }
    ],
    "isTemplate": false,
    "count": 0,
    "updated": 1547795385
  },
  {
    "id": "7184c2a0-de9e-4759-87e5-28aef2b341c2",
    "data": [
      {
        "text": "government scholarships",
        "userDefined": false
      }
    ],
    "isTemplate": false,
    "count": 0,
    "updated": 1547795385
  },
  {
    "id": "2922194d-27c3-4814-bf40-1ac9dafc03f7",
    "data": [
      {
        "text": "is government providing scholarship",
        "userDefined": false
      }
    ],
    "isTemplate": false,
    "count": 0,
    "updated": 1547795385
  },
  {
    "id": "87b84d78-64f7-4f6d-be8f-e57803674523",
    "data": [
      {
        "text": "are these organisations private or government",
        "userDefined": false
      }
    ],
    "isTemplate": false,
    "count": 0,
    "updated": 1547795385
  },
  {
    "id": "95b9015a-8419-4cd2-85b6-c8664b058e98",
    "data": [
      {
        "text": "who provides scholarship",
        "userDefined": false
      }
    ],
    "isTemplate": false,
    "count": 0,
    "updated": 1547795385
  },
  {
    "id": "ee7e21a8-77f7-452d-80ed-03a2eee316a3",
    "data": [
      {
        "text": "who is giving scholarship",
        "userDefined": false
      }
    ],
    "isTemplate": false,
    "count": 0,
    "updated": 1547795385
  }
]