[
  {
    "id": "8f4e0593-2d34-4a56-be69-61d160b59db3",
    "data": [
      {
        "text": "सुनो",
        "userDefined": false
      }
    ],
    "isTemplate": false,
    "count": 0,
    "updated": 1547880024
  },
  {
    "id": "726d16ef-59cc-4452-86ca-ae30679109d3",
    "data": [
      {
        "text": "नमस्ते",
        "userDefined": false
      }
    ],
    "isTemplate": false,
    "count": 0,
    "updated": 1547880024
  },
  {
    "id": "61b1ad0b-642e-4b8a-a991-1a16b9fd436f",
    "data": [
      {
        "text": "अस्सलाम वालेकुम",
        "userDefined": false
      }
    ],
    "isTemplate": false,
    "count": 1,
    "updated": 1547880024
  },
  {
    "id": "fc8195af-bd39-45c8-8763-107aab00efb8",
    "data": [
      {
        "text": "बहुत समय से मिले नहीं",
        "userDefined": false
      }
    ],
    "isTemplate": false,
    "count": 0,
    "updated": 1547880024
  }
]