[
  {
    "value": "different",
    "synonyms": [
      "different",
      "various",
      "distinct",
      "seperate"
    ]
  },
  {
    "value": "farming",
    "synonyms": [
      "farming",
      "agriculture"
    ]
  },
  {
    "value": "types",
    "synonyms": [
      "types"
    ]
  },
  {
    "value": "method",
    "synonyms": [
      "method",
      "methods",
      "ways"
    ]
  },
  {
    "value": "effect",
    "synonyms": [
      "effect",
      "result",
      "consequences"
    ]
  },
  {
    "value": "techniques",
    "synonyms": [
      "techniques",
      "technique",
      "scientific procedure"
    ]
  },
  {
    "value": "most",
    "synonyms": [
      "most"
    ]
  },
  {
    "value": "favourable",
    "synonyms": [
      "favourable",
      "advantage to someone"
    ]
  },
  {
    "value": "increase",
    "synonyms": [
      "increase",
      "LARGER AMOUNT"
    ]
  },
  {
    "value": "production",
    "synonyms": [
      "production",
      "growth",
      "produce"
    ]
  }
]