[
  {
    "value": "insurance",
    "synonyms": [
      "insurance",
      "insured",
      "protection"
    ]
  },
  {
    "value": "form",
    "synonyms": [
      "form"
    ]
  },
  {
    "value": "website",
    "synonyms": [
      "website",
      "webpage"
    ]
  },
  {
    "value": "crops",
    "synonyms": [
      "crops",
      "crop"
    ]
  },
  {
    "value": "where",
    "synonyms": [
      "where"
    ]
  },
  {
    "value": "apply",
    "synonyms": [
      "apply",
      "register"
    ]
  }
]