[
  {
    "value": "apply",
    "synonyms": [
      "apply",
      "register"
    ]
  },
  {
    "value": "minimum",
    "synonyms": [
      "minimum",
      "least"
    ]
  },
  {
    "value": "requirements",
    "synonyms": [
      "requirements",
      "needed"
    ]
  },
  {
    "value": "taking",
    "synonyms": [
      "taking"
    ]
  },
  {
    "value": "stake",
    "synonyms": [
      "stake"
    ]
  },
  {
    "value": "loan",
    "synonyms": [
      "loan"
    ]
  },
  {
    "value": "sanctioned",
    "synonyms": [
      "sanctioned",
      "assigned"
    ]
  },
  {
    "value": "various",
    "synonyms": [
      "various",
      "different"
    ]
  },
  {
    "value": "interest",
    "synonyms": [
      "interest",
      "extra money"
    ]
  },
  {
    "value": "the loan",
    "synonyms": [
      "the loan"
    ]
  },
  {
    "value": "a loan",
    "synonyms": [
      "a loan"
    ]
  },
  {
    "value": "take",
    "synonyms": [
      "take"
    ]
  }
]