[
  {
    "value": "difficult",
    "synonyms": [
      "difficult",
      "wrong",
      "hard"
    ]
  },
  {
    "value": "situation",
    "synonyms": [
      "situation",
      "circumstances"
    ]
  },
  {
    "value": "enlighten",
    "synonyms": [
      "enlighten",
      "path"
    ]
  },
  {
    "value": "enhancing",
    "synonyms": [
      "enhancing",
      "increasing",
      "enhance"
    ]
  },
  {
    "value": "field",
    "synonyms": [
      "field",
      "agricultural land",
      "farm land"
    ]
  },
  {
    "value": "times",
    "synonyms": [
      "times"
    ]
  },
  {
    "value": "overcome",
    "synonyms": [
      "overcome",
      "get through"
    ]
  },
  {
    "value": "ways",
    "synonyms": [
      "ways",
      "way"
    ]
  },
  {
    "value": "nothing",
    "synonyms": [
      "nothing",
      "no one"
    ]
  },
  {
    "value": "hand",
    "synonyms": [
      "hand"
    ]
  },
  {
    "value": "what",
    "synonyms": [
      "what"
    ]
  },
  {
    "value": "difficulties",
    "synonyms": [
      "difficulties"
    ]
  }
]