[
  {
    "value": "scholarship",
    "synonyms": [
      "scholarship",
      "academic learning",
      "achievement"
    ]
  },
  {
    "value": "prove",
    "synonyms": [
      "prove",
      "exitence",
      "show"
    ]
  },
  {
    "value": "benefits",
    "synonyms": [
      "benefits",
      "beneficial",
      "benefit"
    ]
  },
  {
    "value": "what",
    "synonyms": [
      "what"
    ]
  },
  {
    "value": "academics",
    "synonyms": [
      "academics"
    ]
  },
  {
    "value": "school",
    "synonyms": [
      "school"
    ]
  },
  {
    "value": "education",
    "synonyms": [
      "education"
    ]
  },
  {
    "value": "the school",
    "synonyms": [
      "the school"
    ]
  },
  {
    "value": "the scholarship",
    "synonyms": [
      "the scholarship"
    ]
  }
]