[
  {
    "value": "most",
    "synonyms": [
      "most"
    ]
  },
  {
    "value": "preferred",
    "synonyms": [
      "preferred",
      "preferrable"
    ]
  },
  {
    "value": "purchase",
    "synonyms": [
      "purchase",
      "buy"
    ]
  },
  {
    "value": "seeds",
    "synonyms": [
      "seeds"
    ]
  },
  {
    "value": "cost",
    "synonyms": [
      "cost",
      "price"
    ]
  },
  {
    "value": "high",
    "synonyms": [
      "high"
    ]
  },
  {
    "value": "quality",
    "synonyms": [
      "quality",
      "standard"
    ]
  },
  {
    "value": "GMO",
    "synonyms": [
      "GMO",
      "GENETICALLY MUTANT SEEDS"
    ]
  },
  {
    "value": "WHERE",
    "synonyms": [
      "WHERE"
    ]
  },
  {
    "value": "HOW",
    "synonyms": [
      "HOW"
    ]
  },
  {
    "value": "crops",
    "synonyms": [
      "crops"
    ]
  },
  {
    "value": "field",
    "synonyms": [
      "field"
    ]
  }
]