[
  {
    "value": "academics",
    "synonyms": [
      "academics",
      "scholar"
    ]
  },
  {
    "value": "required",
    "synonyms": [
      "required",
      "requirement",
      "fulfillment"
    ]
  },
  {
    "value": "child",
    "synonyms": [
      "child",
      "kid",
      "student"
    ]
  },
  {
    "value": "education",
    "synonyms": [
      "education",
      "knowledge",
      "learning"
    ]
  },
  {
    "value": "join",
    "synonyms": [
      "join",
      "get into this",
      "indulge"
    ]
  },
  {
    "value": "school",
    "synonyms": [
      "school",
      "learning centre",
      "institute"
    ]
  },
  {
    "value": "facilities",
    "synonyms": [
      "facilities",
      "things",
      "amenities"
    ]
  },
  {
    "value": "provided",
    "synonyms": [
      "provided",
      "provide",
      "provides"
    ]
  },
  {
    "value": "avail",
    "synonyms": [
      "avail",
      "get",
      "take",
      "obtain"
    ]
  },
  {
    "value": "where",
    "synonyms": [
      "where"
    ]
  },
  {
    "value": "production",
    "synonyms": [
      "production"
    ]
  }
]